ID,name,producer_id_ID
1,"Reporting Service 1",18
2,"Reporting Service 2",1
3,"Archiving Processor 3",15
4,"Indexing Service 4",10
5,"Processing Processor 5",14
6,"Reporting Handler 6",8
7,"Processing Worker 7",11
8,"Indexing App 8",14
9,"Reporting Analyzer 9",19
10,"Reporting Service 10",19
11,"Archiving Worker 11",4
12,"Logging Service 12",10
13,"Reporting Service 13",7
14,"Monitoring Service 14",14
15,"Processing Monitor 15",10
16,"Indexing Worker 16",14
17,"Indexing App 17",8
18,"Processing App 18",15
19,"Reporting Handler 19",15
20,"Indexing Processor 20",14
21,"Logging Monitor 21",1
22,"Reporting Processor 22",9
23,"Analytics Handler 23",12
24,"Analytics Processor 24",2
25,"Reporting Processor 25",15
26,"Archiving Handler 26",6
27,"Indexing Handler 27",6
28,"Indexing App 28",7
29,"Monitoring Processor 29",14
30,"Monitoring Monitor 30",10
31,"Analytics App 31",16
32,"Reporting App 32",17
33,"Indexing Handler 33",17
34,"Processing Handler 34",18
35,"Reporting Service 35",3
36,"Reporting Handler 36",1
37,"Reporting Analyzer 37",4
38,"Analytics App 38",1
39,"Processing App 39",19
40,"Analytics Processor 40",16
41,"Logging Monitor 41",12
42,"Analytics Service 42",3
43,"Monitoring Monitor 43",3
44,"Archiving App 44",6
45,"Analytics Monitor 45",2
46,"Analytics Processor 46",8
47,"Monitoring Worker 47",13
48,"Indexing Service 48",17
49,"Processing App 49",8
50,"Reporting Processor 50",1
51,"Analytics Monitor 51",8
52,"Analytics Handler 52",2
53,"Processing Service 53",7
54,"Indexing Service 54",2
55,"Processing Service 55",7
56,"Archiving Handler 56",17
57,"Monitoring App 57",18
58,"Logging Service 58",16
59,"Reporting Handler 59",17
60,"Monitoring Worker 60",1
61,"Analytics Service 61",8
62,"Processing App 62",11
63,"Logging Handler 63",9
64,"Logging Monitor 64",13
65,"Logging Handler 65",7
66,"Indexing Handler 66",10
67,"Indexing Handler 67",13
68,"Reporting Handler 68",8
69,"Archiving Service 69",17
70,"Monitoring Monitor 70",9
71,"Indexing Service 71",8
72,"Archiving Analyzer 72",19
73,"Analytics Service 73",12
74,"Monitoring Worker 74",19
75,"Analytics App 75",10
76,"Reporting Processor 76",16
77,"Processing App 77",2
78,"Reporting Handler 78",15
79,"Archiving App 79",7
80,"Archiving Handler 80",17
81,"Monitoring Handler 81",5
82,"Archiving Worker 82",4
83,"Logging App 83",8
84,"Logging Handler 84",13
85,"Archiving Processor 85",18
86,"Reporting Monitor 86",12
87,"Logging Monitor 87",10
88,"Logging Service 88",17
89,"Analytics Analyzer 89",4
90,"Logging Handler 90",5
91,"Logging Processor 91",12
92,"Monitoring Monitor 92",4
93,"Archiving Monitor 93",9
94,"Reporting App 94",2
95,"Reporting Analyzer 95",10
96,"Archiving Handler 96",2
97,"Archiving Worker 97",20
98,"Archiving App 98",7
99,"Archiving Processor 99",14
100,"Processing Worker 100",1
