ID,name,event_topic_id_ID
1,"order validated event 1",16
2,"product validated event 2",70
3,"user processed event 3",135
4,"payment processed event 4",138
5,"notification deleted event 5",36
6,"shipping processed event 6",12
7,"notification updated event 7",79
8,"payment created event 8",64
9,"payment updated event 9",27
10,"shipping deleted event 10",123
11,"payment validated event 11",21
12,"shipping processed event 12",49
13,"notification archived event 13",50
14,"notification deleted event 14",10
15,"inventory synced event 15",150
16,"order deleted event 16",137
17,"inventory processed event 17",37
18,"shipping synced event 18",67
19,"payment processed event 19",22
20,"product validated event 20",41
21,"payment synced event 21",94
22,"shipping archived event 22",147
23,"shipping archived event 23",12
24,"order updated event 24",82
25,"notification archived event 25",56
26,"notification created event 26",78
27,"order synced event 27",40
28,"notification archived event 28",145
29,"order synced event 29",116
30,"inventory created event 30",122
31,"order created event 31",42
32,"inventory synced event 32",106
33,"payment synced event 33",34
34,"order updated event 34",1
35,"shipping deleted event 35",68
36,"payment archived event 36",130
37,"payment created event 37",107
38,"product archived event 38",29
39,"shipping updated event 39",139
40,"notification validated event 40",3
41,"inventory synced event 41",150
42,"inventory validated event 42",120
43,"product created event 43",126
44,"inventory deleted event 44",43
45,"shipping processed event 45",30
46,"order archived event 46",103
47,"notification deleted event 47",12
48,"payment deleted event 48",118
49,"shipping validated event 49",16
50,"order deleted event 50",97
51,"notification processed event 51",5
52,"user archived event 52",107
53,"user deleted event 53",11
54,"order archived event 54",41
55,"notification archived event 55",118
56,"notification archived event 56",65
57,"inventory updated event 57",17
58,"product validated event 58",17
59,"product archived event 59",142
60,"user validated event 60",117
61,"shipping archived event 61",135
62,"payment validated event 62",2
63,"inventory updated event 63",18
64,"inventory synced event 64",70
65,"inventory deleted event 65",144
66,"inventory created event 66",100
67,"inventory archived event 67",74
68,"order validated event 68",121
69,"user deleted event 69",10
70,"payment deleted event 70",68
71,"payment validated event 71",131
72,"inventory created event 72",56
73,"inventory created event 73",39
74,"inventory updated event 74",85
75,"product synced event 75",64
76,"user archived event 76",121
77,"order updated event 77",101
78,"product deleted event 78",116
79,"user updated event 79",80
80,"user updated event 80",97
81,"product updated event 81",74
82,"payment archived event 82",148
83,"notification created event 83",111
84,"notification validated event 84",10
85,"user validated event 85",57
86,"notification validated event 86",146
87,"product deleted event 87",125
88,"user archived event 88",91
89,"inventory validated event 89",67
90,"user processed event 90",134
91,"notification deleted event 91",87
92,"payment deleted event 92",150
93,"user created event 93",41
94,"shipping updated event 94",65
95,"order archived event 95",19
96,"product validated event 96",5
97,"notification processed event 97",10
98,"inventory deleted event 98",53
99,"shipping created event 99",55
100,"shipping synced event 100",127
101,"shipping updated event 101",34
102,"user synced event 102",72
103,"product archived event 103",58
104,"notification synced event 104",64
105,"order created event 105",46
106,"shipping synced event 106",30
107,"user synced event 107",58
108,"shipping synced event 108",71
109,"product synced event 109",96
110,"payment synced event 110",65
111,"user processed event 111",47
112,"inventory synced event 112",52
113,"payment synced event 113",92
114,"notification created event 114",150
115,"order deleted event 115",26
116,"product deleted event 116",77
117,"order deleted event 117",100
118,"product synced event 118",124
119,"inventory deleted event 119",147
120,"shipping archived event 120",37
121,"user created event 121",146
122,"shipping validated event 122",31
123,"notification deleted event 123",36
124,"inventory deleted event 124",37
125,"inventory validated event 125",104
126,"inventory deleted event 126",28
127,"user synced event 127",44
128,"shipping deleted event 128",113
129,"shipping validated event 129",119
130,"notification synced event 130",62
131,"product updated event 131",13
132,"shipping created event 132",131
133,"order processed event 133",63
134,"shipping deleted event 134",16
135,"payment archived event 135",111
136,"shipping archived event 136",95
137,"user synced event 137",46
138,"shipping deleted event 138",31
139,"order created event 139",12
140,"user synced event 140",58
141,"user synced event 141",58
142,"user deleted event 142",92
143,"notification deleted event 143",4
144,"notification updated event 144",30
145,"product created event 145",60
146,"order processed event 146",76
147,"inventory deleted event 147",95
148,"order synced event 148",81
149,"shipping created event 149",36
150,"shipping archived event 150",64
151,"notification archived event 151",86
152,"shipping updated event 152",41
153,"user processed event 153",138
154,"inventory synced event 154",109
155,"product deleted event 155",42
156,"payment synced event 156",21
157,"order deleted event 157",56
158,"order updated event 158",34
159,"payment processed event 159",143
160,"shipping synced event 160",26
161,"order processed event 161",74
162,"notification processed event 162",101
163,"user created event 163",51
164,"payment archived event 164",51
165,"payment validated event 165",119
166,"user validated event 166",110
167,"product synced event 167",54
168,"product created event 168",25
169,"notification deleted event 169",16
170,"product updated event 170",122
171,"shipping created event 171",116
172,"product synced event 172",147
173,"payment validated event 173",26
174,"notification validated event 174",98
175,"shipping archived event 175",118
176,"user deleted event 176",130
177,"notification synced event 177",13
178,"inventory deleted event 178",34
179,"user created event 179",86
180,"payment validated event 180",119
181,"product synced event 181",65
182,"inventory validated event 182",32
183,"notification validated event 183",36
184,"inventory deleted event 184",99
185,"payment validated event 185",84
186,"inventory validated event 186",73
187,"inventory created event 187",17
188,"user processed event 188",125
189,"inventory created event 189",7
190,"payment synced event 190",147
191,"order updated event 191",134
192,"payment validated event 192",121
193,"user synced event 193",94
194,"product archived event 194",26
195,"product validated event 195",82
196,"payment deleted event 196",40
197,"product validated event 197",104
198,"notification updated event 198",142
199,"product updated event 199",23
200,"payment synced event 200",37
